group,subgroup,dimension_label,Видимість (Toggle),dimension_name,dimension_value_type,sql_table,sql_name,catalog,dimension_src,is_valid,
1. Профіль Клієнта (B2C),Ідентифікація,СІД,B2C,client_cid,STRING,growth_catalog_clients_c,cid,none,[v_Growth_catalog_clients_C].CID,yes,
1. Профіль Клієнта (B2C),Ідентифікація,Клієнт НПУ,B2C,сlient_npu,BOOLEAN,document_gc_nova_main,param_9,none,[dc1-ap01.cdp.dev.nix.npu.np.work].[document_gc_nova_main] where param_id = 9,yes,
1. Профіль Клієнта (B2C),Ідентифікація,ПІБ (КА),Не визначено,ka_full_name,STRING,,,,На наступний етап,next iteration,
1. Профіль Клієнта (B2C),Ідентифікація,Email,B2C,email,STRING,growth_catalog_clients_c,Email,none,[v_Growth_catalog_clients_C].Email,yes,
1. Профіль Клієнта (B2C),Ідентифікація,Мобільний телефон,B2C,phone_client,STRING,growth_catalog_clients_c,PhoneClient,none,[v_Growth_catalog_clients_C].phoneclient (Если профильные поля) если ищем по получателю или отправителю то из Detail ([dc1-ap01.cdp.dev.nix.npu.np.work].[client_parcels_detail_365d]),yes,
1. Профіль Клієнта,Ідентифікація,Мобільний телефон,Логістика,phone_sender,STRING,client_parcels_detail,SenderPhone,none,[dc1-ap01.cdp.dev.nix.npu.np.work].[client_parcels_detail_365d].SenderPhone,yes,
1. Профіль Клієнта,Ідентифікація,Мобільний телефон,Логістика,phone_recipient,STRING,client_parcels_detail,RecipientPhone,none,[dc1-ap01.cdp.dev.nix.npu.np.work].[client_parcels_detail_365d].RecipientPhone,yes,
1. Профіль Клієнта (B2C),Ідентифікація,Наявність додаткового телефону,B2C,has_additional_phone,BOOLEAN,document_gc_nova_main,param_38,none,[dc1-ap01.cdp.dev.nix.npu.np.work].[document_gc_nova_main] where param_id = 38,yes,
1. Профіль Клієнта (B2C),Демографія,Стать (розрахункова),B2C,gender,STRING,growth_catalog_clients_c,Gender,enum_gender,[v_Growth_catalog_clients_C].Gender,yes,
1. Профіль Клієнта (B2C),Демографія,Дата народження,B2C,date_of_birth,DATETIME,growth_catalog_clients_c,Data_birthday,none,[v_Growth_catalog_clients_C].Data_birthday,yes,
1. Профіль Клієнта (B2C),Демографія,Вікова група,B2C,age_group,STRING,growth_catalog_clients_c,Age_group,enum_age_group,[v_Growth_catalog_clients_C].Age_group,yes,
1. Профіль Клієнта (B2C),Демографія,Країна клієнта,B2C,client_country,STRING,document_gc_nova_main,param_14,country_code,[dc1-ap01.cdp.dev.nix.npu.np.work].[document_gc_nova_main] where param_id = 14,yes,
1. Профіль Клієнта (B2C),Статус клієнта,Ознака співробітника,B2C,is_staff,BOOLEAN,growth_catalog_clients_c,IS_STAFF,none,[v_Growth_catalog_clients_C].IS_STAFF,yes,
1. Профіль Клієнта (B2C),Статус клієнта,Ознака ПОБа,B2C,is_pob,BOOLEAN,growth_catalog_clients_c,POB,none,[v_Growth_catalog_clients_C].POB,yes,
1. Профіль Клієнта (B2C),Статус клієнта,Ознака ЛІДа,B2C,is_lid,BOOLEAN,growth_catalog_clients_c,LID,none,[v_Growth_catalog_clients_C].LID,yes,
1. Профіль Клієнта (B2C),Верифікація,Верифікація клієнта (статус),B2C,verification_status,BOOLEAN,document_gc_nova_main,param_20,none,[dc1-ap01.cdp.dev.nix.npu.np.work].[document_gc_nova_main] where param_id = 20,yes,
1. Профіль Клієнта (B2C),Верифікація,Статус верифікації телефону,B2C,phone_verification_status,BOOLEAN,document_gc_nova_main,param_32,none,[dc1-ap01.cdp.dev.nix.npu.np.work].[document_gc_nova_main] where param_id = 32,yes,
1. Профіль Клієнта (B2C),Верифікація,Статус верифікації Email,B2C,email_verification_status,BOOLEAN,document_gc_nova_main,param_36,none,[dc1-ap01.cdp.dev.nix.npu.np.work].[document_gc_nova_main] where param_id = 36,yes,
1. Профіль Клієнта (B2C),Верифікація,Наявність першої верифікації клієнта NovaPay,B2C,has_initial_verification_nova_pay,BOOLEAN,document_gc_nova_main,param_132,none,[dc1-ap01.cdp.dev.nix.npu.np.work].[document_gc_nova_main] where param_id = 132,yes,
1. Профіль Клієнта (B2C),Верифікація,Дата верифікації клієнта,B2C,verification_date,DATETIME,document_gc_nova_main,param_21,none,[dc1-ap01.cdp.dev.nix.npu.np.work].[document_gc_nova_main] where param_id = 21,yes,
1. Профіль Клієнта (B2C),Верифікація,Остання дата верифікації,B2C,last_verification_date,DATETIME,document_gc_nova_main,param_34,none,[dc1-ap01.cdp.dev.nix.npu.np.work].[document_gc_nova_main] where param_id = 34,yes,
1. Профіль Клієнта (B2C),Сегментація,Сегмент активності,B2C,activity_segment,STRING,growth_catalog_clients_c,Segment_act,enum_segment_act,[v_Growth_catalog_clients_C].Segment_act,yes,
1. Профіль Клієнта (B2C),Сегментація,RFM сегмент (загальний),B2C,rfm_segment,STRING,growth_catalog_clients_c,rfm_segment_all,enum_rfm_segment,[v_Growth_catalog_clients_C].rfm_segment_all,yes,
1. Профіль Клієнта (B2C),Сегментація,CLC сегмент,B2C,clc_segment,STRING,growth_catalog_clients_c,clc_segment_all,enum_clc_segment,[v_Growth_catalog_clients_C].clc_segment_all,yes,
1. Профіль Клієнта (B2C),Сегментація,CVO сегмент,B2C,cvo_segment,NUMBER,growth_catalog_clients_c,cvo_segment_all,enum_cvo_segment,[v_Growth_catalog_clients_C].cvo_segment_all,yes,
2. B2B та Менеджмент,Сегментація,Сегмент клієнта (місяць),B2B,client_segment_month,STRING,growth_catalog_clients_b,Client_segment_month_CRM,segments_customer_crm,[v_Growth_catalog_clients_B].Client_segment_month_CRM,yes,
2. B2B та Менеджмент,Сегментація,Сегмент клієнта (квартал),B2B,client_segment_quarter,STRING,growth_catalog_clients_b,Client_segment_quarter_CRM,segments_customer_crm,[v_Growth_catalog_clients_B].Client_segment_quarter_CRM,yes,
1. Профіль Клієнта (B2C),Сегментація за роллю,RFM сегмент відправка,B2C,rfm_segment_recipient,STRING,growth_catalog_clients_c,rfm_segment_recipient,enum_rfm_segment,[v_Growth_catalog_clients_C].rfm_segment_recipient,yes,
1. Профіль Клієнта (B2C),Сегментація за роллю,CLC сегмент відправка,B2C,clc_segment_recipient,STRING,growth_catalog_clients_c,clc_segment_recipient,enum_clc_segment,[v_Growth_catalog_clients_C].clc_segment_recipient,yes,
1. Профіль Клієнта (B2C),Сегментація за роллю,CVO сегмент відправка,B2C,cvo_segment_recipient,NUMBER,growth_catalog_clients_c,cvo_segment_recipient,enum_cvo_segment,[v_Growth_catalog_clients_C].cvo_segment_recipient,yes,
1. Профіль Клієнта (B2C),Сегментація за роллю,RFM сегмент отримання,B2C,rfm_segment_sender,STRING,growth_catalog_clients_c,rfm_segment_send,enum_rfm_segment,[v_Growth_catalog_clients_C].rfm_segment_send,yes,
1. Профіль Клієнта (B2C),Сегментація за роллю,CLC сегмент отримання,B2C,clc_segment_sender,STRING,growth_catalog_clients_c,clc_segment_send,enum_clc_segment,[v_Growth_catalog_clients_C].clc_segment_send,yes,
1. Профіль Клієнта (B2C),Сегментація за роллю,CVO сегмент отримання,B2C,cvo_segment_sender,NUMBER,growth_catalog_clients_c,cvo_segment_send,enum_cvo_segment,[v_Growth_catalog_clients_C].cvo_segment_send,yes,
1. Профіль Клієнта (B2C),Сегментація за роллю,Сегмент активності за відправками,B2B,activity_segment_sender,STRING,growth_catalog_clients_b,StatusSender,enum_segment_act,[v_Growth_catalog_clients_B].StatusSender,yes,
1. Профіль Клієнта (B2C),Сегментація за роллю,Сегмент активності за отриманням,B2B,activity_segment_recipient,STRING,growth_catalog_clients_b,StatusRecipient,enum_segment_act,[v_Growth_catalog_clients_B].StatusRecipient,yes,
2. B2B та Менеджмент,Профіль бізнес-клієнта,Тип контрагента,B2B,counter_party_type,STRING,growth_catalog_clients_b,CounterpartyType,enum_counterparty_type,[v_Growth_catalog_clients_B].CounterpartyType,yes,
2. B2B та Менеджмент,Профіль бізнес-клієнта,"Категорія контрагента (Strategic, Regional...)",B2B,counter_party_category,STRING,growth_catalog_clients_b,Category,categoty_crm,[v_Growth_catalog_clients_B].Category,yes,
2. B2B та Менеджмент,Профіль бізнес-клієнта,Бізнес тип діяльності контрагента,B2B,counter_party_business_type,STRING,growth_catalog_clients_b,Business_type,business_type_crm,[v_Growth_catalog_clients_B].Business_type,yes,
2. B2B та Менеджмент,Профіль бізнес-клієнта,ПІБ представника,B2B,representative_full_name,STRING,catalog_full_name,FullName,none,[dimCatalogContacts_CRM].FullName,yes,
2. B2B та Менеджмент,Профіль бізнес-клієнта,Роль представника,B2B,representative_role,STRING,catalog_contacts_crm,BusinessRole,business_role_crm,[dimCatalogContacts_CRM].BusinessRole,yes,
2. B2B та Менеджмент,Профіль бізнес-клієнта,Email представника,B2B,representative_email,STRING,catalog_contacts_crm,Email,none,[dimCatalogContacts_CRM].Email,yes,
2. B2B та Менеджмент,Профіль бізнес-клієнта,ПІБ ЛПР компанії,B2B,company_lpr_full_name,STRING,growth_catalog_clients_b,Main_contact,none,[v_Growth_catalog_clients_B].Main_contact,yes,
2. B2B та Менеджмент,Профіль бізнес-клієнта,Телефон ЛПР компанії,B2B,company_lpr_phone,STRING,growth_catalog_clients_b,Phone_number_main_contact,none,[v_Growth_catalog_clients_B].Phone_number_main_contact,yes,
2. B2B та Менеджмент,Профіль бізнес-клієнта,Email ЛПР компанії,B2B,company_lpr_email,STRING,growth_catalog_clients_b,Email_main_contact,none,[v_Growth_catalog_clients_B].Email_main_contact,yes,
2. B2B та Менеджмент,Профіль бізнес-клієнта,Сегмент активності контрагента,B2B,activity_segment_counter_party,STRING,growth_catalog_clients_b,ClientStatus,enum_segment_act,[v_Growth_catalog_clients_B].ClientStatus,yes,
2. B2B та Менеджмент,Управління (Менеджер),Закріплений менеджер по контрагенту,B2B,counter_party_fixed_manager,STRING,growth_catalog_clients_b,FixedManager,manager_names,[v_Growth_catalog_clients_B].FixedManager,yes,
2. B2B та Менеджмент,Управління (Менеджер),Відділ менеджера,B2B,counter_party_fixed_manager_departement,STRING,growth_catalog_clients_b,FixedManager_departement,manager_departement,[v_Growth_catalog_clients_B].FixedManager_departement,yes,
2. B2B та Менеджмент,Управління (Менеджер),Дирекція менеджера,B2B,counter_party_fixed_manager_administration,STRING,growth_catalog_clients_b,FixedManager_administration,manager_administration,[v_Growth_catalog_clients_B].FixedManager_administration,yes,
2. B2B та Менеджмент,Материнська компанія,Тип основного контрагента,B2B,counter_party_type_main,STRING,growth_catalog_clients_b,CounterpartyTypeMain,enum_counterparty_type,[v_Growth_catalog_clients_B].CounterpartyTypeMain,yes,
2. B2B та Менеджмент,Материнська компанія,Код основного контрагента,B2B,counter_party_code_main,STRING,growth_catalog_clients_b,Main_Code,none,[v_Growth_catalog_clients_B].Main_Code,yes,
2. B2B та Менеджмент,Материнська компанія,Код ЄДРПОУ/ІПН основного контрагента,B2B,counter_party_edrpou_main,STRING,growth_catalog_clients_b,Main_EDRPOU,none,[v_Growth_catalog_clients_B].Main_EDRPOU,yes,
2. B2B та Менеджмент,Материнська компанія,Назва основного контрагента,B2B,counter_party_name_main,STRING,growth_catalog_clients_b,Main_Name,none,[v_Growth_catalog_clients_B].Main_Name,yes,
2. B2B та Менеджмент,Материнська компанія,Сфера діяльності основного контрагента,B2B,counter_party_group_activity_main,STRING,growth_catalog_clients_b,Main_Group_activity,business_area_crm,[v_Growth_catalog_clients_B].Main_Group_activity,yes,
2. B2B та Менеджмент,Материнська компанія,Категорія основного контрагента,B2B,counter_party_category_main,STRING,growth_catalog_clients_b,Main_category,categoty_crm,[v_Growth_catalog_clients_B].Main_category,yes,
2. B2B та Менеджмент,Материнська компанія,Бізнес тип діяльності основного контрагента,B2B,counter_party_business_type_main,STRING,growth_catalog_clients_b,Main_Business_type,business_type_crm,[v_Growth_catalog_clients_B].Main_Business_type,yes,
2. B2B та Менеджмент,Материнська компанія,Веб-сайт основного контрагента,B2B,counter_party_web_site_main,STRING,growth_catalog_clients_b,Main_WebSite,website,[v_Growth_catalog_clients_B].Main_WebSite,yes,
2. B2B та Менеджмент,Материнська компанія,Закріплений менеджер по основному контрагенту,B2B,counter_party_fixed_manager_main,STRING,growth_catalog_clients_b,Main_FixedManager,manager_names,[v_Growth_catalog_clients_B].Main_FixedManager,yes,
2. B2B та Менеджмент,Материнська компанія,Відділ менеджера основного контрагента,B2B,counter_party_fixed_manager_departement_main,STRING,growth_catalog_clients_b,Main_FixedManager_departement,manager_departement,[v_Growth_catalog_clients_B].Main_FixedManager_departement,yes,
2. B2B та Менеджмент,Материнська компанія,Дирекція менеджера основного контрагента,B2B,counter_party_fixed_manager_administration_main,STRING,growth_catalog_clients_b,Main_FixedManager_administration,manager_administration,[v_Growth_catalog_clients_B].Main_FixedManager_administration,yes,
3. Параметри ЕН,Загальні дані,Роль в ЕН (Відправник/Отримувач),Не визначено,user_role,STRING,,,,[dc1-ap01.cdp.dev.nix.npu.np.work].[client_parcels_detail_365d].SenderPhone/RecipientPhone,no needed,Має бути як окрема UI вкладка
3. Параметри ЕН,Загальні дані,Тип сервісу,Логістика,service_type,NUMBER,client_parcels_detail,ServiceType,service_type,[dc1-ap01.cdp.dev.nix.npu.np.work].[client_parcels_detail_365d].ServiceType,yes,
3. Параметри ЕН,Загальні дані,Платник,Логістика,payer_type,NUMBER,client_parcels_detail,PayerType,payer_type,[dc1-ap01.cdp.dev.nix.npu.np.work].[client_parcels_detail_365d].PayerType,yes,
3. Параметри ЕН,Загальні дані,Дата створення ЕН,Логістика,creation_date,DATETIME,client_parcels_detail,CreationDate,none,[dc1-ap01.cdp.dev.nix.npu.np.work].[client_parcels_detail_365d].CreationDate,yes,
3. Параметри ЕН,Загальні дані,Дата закриття ЕН,Логістика,closing_date,DATETIME,client_parcels_detail,ClosingDate,none,[dc1-ap01.cdp.dev.nix.npu.np.work].[client_parcels_detail_365d].ClosingDate,yes,
3. Параметри ЕН,Загальні дані,Місце створення,Логістика,creation_place,NUMBER,client_parcels_detail,PlaceofCreation,place_of_creation,[dc1-ap01.cdp.dev.nix.npu.np.work].[client_parcels_detail_365d].PlaceofCreation,yes,
3. Параметри ЕН,Загальні дані,Тип місця створення,Логістика,creation_place_type,NUMBER,client_parcels_detail,PlaceOfCreation_group,place_of_creation_group,[dc1-ap01.cdp.dev.nix.npu.np.work].[client_parcels_detail_365d].PlaceOfCreation_group,yes,
3. Параметри ЕН,Загальні дані,Тип останньої точки обслуговування,Логістика,last_service_point_type,STRING,document_gc_nova_main,param_75,category_warehouse,[dc1-ap01.cdp.dev.nix.npu.np.work].[document_gc_nova_main] where param_id = 75,yes,
3. Параметри ЕН,Тип та Категорія,Вторинні ЕН,Логістика,secondary_en,STRING,,,,[dc1-ap01.cdp.dev.nix.npu.np.work].[client_parcels_detail_365d].Похідні док-ти перв. ЕН,no,Треба доробити
3. Параметри ЕН,Тип та Категорія,Причина повернення ЕН,Логістика,reason_return,STRING,cpd_undelivery_reasons,ReasonsFull_Повернення,cpd_return,[dc1-ap01.cdp.dev.nix.npu.np.work].[client_parcels_detail_365d].UndeliveryReasons,yes,
3. Параметри ЕН,Тип та Категорія,Вид проблеми з ЕН,Логістика,problem_type,STRING,cpd_undelivery_reasons,ReasonsFull_Проблема,cpd_problem,[dc1-ap01.cdp.dev.nix.npu.np.work].[client_parcels_detail_365d].UndeliveryReasons,yes,
3. Параметри ЕН,Тип та Категорія,Категорія 1 рівень,Логістика,category_first_level,NUMBER,client_parcels_detail,Category l-1,categoty,[dc1-ap01.cdp.dev.nix.npu.np.work].[client_parcels_detail_365d].l1_Category,yes,
3. Параметри ЕН,Тип та Категорія,Категорія 2 рівень,Логістика,category_second_level,NUMBER,client_parcels_detail,Category l-2,categoty,[dc1-ap01.cdp.dev.nix.npu.np.work].[client_parcels_detail_365d].l2_Category,yes,
3. Параметри ЕН,Тип та Категорія,Категорія 3 рівень,Логістика,category_third_level,NUMBER,client_parcels_detail,Category l-3,categoty,[dc1-ap01.cdp.dev.nix.npu.np.work].[client_parcels_detail_365d].l3_Category,yes,
3. Параметри ЕН,Тип та Категорія,Категорія 4 рівень,Логістика,category_fourth_level,NUMBER,client_parcels_detail,Category l-4,categoty,[dc1-ap01.cdp.dev.nix.npu.np.work].[client_parcels_detail_365d].l4_Category,yes,
,,Кількість ЕН,,,,,,,,no,Потрібно уточнити
3. Параметри ЕН,Тип та Категорія,Імпорт,,,,client_parcels_detail,,,,no,Потрібно уточнити
3. Параметри ЕН,Тип та Категорія,Експорт,,,,client_parcels_detail,,,,no,Потрібно уточнити
3. Параметри ЕН,Логістика,Імпорт (країна),Логістика,import_country,STRING,,,,[dc1-ap01.cdp.dev.nix.npu.np.work].[client_parcels_detail_365d].Країна Import/Export / Import/Export,no,
3. Параметри ЕН,Логістика,Експорт (країна),Логістика,export_country,STRING,,,,[dc1-ap01.cdp.dev.nix.npu.np.work].[client_parcels_detail_365d].Країна Import/Export / Import/Export,no,
2. B2B та Менеджмент,Логістика,Міжнародна доставка НПУ,B2B,international_delivery_npu,BOOLEAN,growth_catalog_clients_b,International_delivery_NPU,none,[ekk].[dbo].[v_Growth_catalog_clients_B].International_delivery_NPU,yes,
3. Параметри ЕН,Відправник/Отримувач,Тип (відправника/отримувача),Не визначено,ew_type,STRING,,,,[dc1-ap01.cdp.dev.nix.npu.np.work].[client_parcels_detail_365d].SenderPhone/RecipientPhone,no needed,Має бути як окремий UI вибору 
3. Параметри ЕН,Відправник/Отримувач,ЄДРПОУ / ІПН відправника,Логістика,ew_sender_edrpou,STRING,client_parcels_detail,EDRPOUSender,none,[dc1-ap01.cdp.dev.nix.npu.np.work].[client_parcels_detail_365d].EDRPOUSender,yes,
3. Параметри ЕН,Відправник/Отримувач,ЄДРПОУ / ІПН отримувача,Логістика,ew_recipient_edrpou,STRING,client_parcels_detail,EDRPOURecipient,none,[dc1-ap01.cdp.dev.nix.npu.np.work].[client_parcels_detail_365d].EDRPOURecipient,yes,
3. Параметри ЕН,Відправник/Отримувач,Назва контрагента відправника,Логістика,ew_sender_counter_party_name,NUMBER,client_parcels_detail,SenderCompanyName,counterparpaty,"tableau.client_parcels_detail.SenderCompanyName/RecipientCompanyName а з каталога контагентів dm.""CatalogCounterParties"" взяти поле Description",yes,
3. Параметри ЕН,Відправник/Отримувач,Назва контрагента отримувача,Логістика,ew_recipient_counter_party_name,NUMBER,client_parcels_detail,RecipientCompanyName,counterparpaty,"tableau.client_parcels_detail.SenderCompanyName/RecipientCompanyName а з каталога контагентів dm.""CatalogCounterParties"" взяти поле Description",yes,
3. Параметри ЕН,Відправник/Отримувач,Тип підрозділу відправника,Логістика,ew_sender_unit_type,NUMBER,client_parcels_detail,SenderAWType,unit_type,[dc1-ap01.cdp.dev.nix.npu.np.work].[client_parcels_detail_365d].SenderAWType,yes,
3. Параметри ЕН,Відправник/Отримувач,Тип підрозділу отримувача,Логістика,ew_recipient_unit_type,NUMBER,client_parcels_detail,RecipientAWType,unit_type,[dc1-ap01.cdp.dev.nix.npu.np.work].[client_parcels_detail_365d].RecipientAWType,yes,
3. Параметри ЕН,Відправник/Отримувач,Область відправника,Логістика,ew_sender_area,NUMBER,client_parcels_detail,SenderArea,area,[dc1-ap01.cdp.dev.nix.npu.np.work].[client_parcels_detail_365d].SenderArea,yes,
3. Параметри ЕН,Відправник/Отримувач,Область отримувача,Логістика,ew_recipient_area,NUMBER,client_parcels_detail,RecipientArea,area,[dc1-ap01.cdp.dev.nix.npu.np.work].[client_parcels_detail_365d].RecipientArea,yes,
3. Параметри ЕН,Відправник/Отримувач,Місто відправника,Логістика,ew_sender_city,NUMBER,client_parcels_detail,SenderCity,city,[dc1-ap01.cdp.dev.nix.npu.np.work].[client_parcels_detail_365d].SenderCity,yes,
3. Параметри ЕН,Відправник/Отримувач,Місто отримувача,Логістика,ew_recipient_city,NUMBER,client_parcels_detail,RecipientCity,city,[dc1-ap01.cdp.dev.nix.npu.np.work].[client_parcels_detail_365d].RecipientCity,yes,
3. Параметри ЕН,Відправник/Отримувач,Підрозділ (Відділення/Поштомат) відправника,Логістика,ew_sender_unit,NUMBER,client_parcels_detail,SenderWarehouse,warehouse,[dc1-ap01.cdp.dev.nix.npu.np.work].[client_parcels_detail_365d].SenderWarehouse,yes,
3. Параметри ЕН,Відправник/Отримувач,Підрозділ (Відділення/Поштомат) отримувача,Логістика,ew_recipient_unit,NUMBER,client_parcels_detail,RecipientWarehouse,warehouse,[dc1-ap01.cdp.dev.nix.npu.np.work].[client_parcels_detail_365d].RecipientWarehouse,yes,
4. Фінанси та Вантаж,Характеристики вантажу,Тип вантажу,Логістика,ew_cargo_type,NUMBER,client_parcels_detail,CargoType,cargo_type,[dc1-ap01.cdp.dev.nix.npu.np.work].[client_parcels_detail_365d].CargoType,yes,
4. Фінанси та Вантаж,Характеристики вантажу,Опис вантажу,Логістика,ew_cargo_description,STRING,client_parcels_detail,CargoDescription,none,[dc1-ap01.cdp.dev.nix.npu.np.work].[client_parcels_detail_365d].CargoDescription,yes,
4. Фінанси та Вантаж,Характеристики вантажу,Вага (розрахункова),Логістика,ew_cargo_weight,NUMBER,client_parcels_detail,DocumentWeight,none,[dc1-ap01.cdp.dev.nix.npu.np.work].[client_parcels_detail_365d].DocumentWeight,yes,
4. Фінанси та Вантаж,Характеристики вантажу,Оголошена вартість,Логістика,ew_cargo_declared_cost,NUMBER,client_parcels_detail,Оголошена вартість,none,[dc1-ap01.cdp.dev.nix.npu.np.work].[client_parcels_detail_365d].Оголошена вартість,yes,
4. Фінанси та Вантаж,Вартість та Оплата,Сума по ЕН за доставку,Логістика,ew_delivery_price,NUMBER,client_parcels_detail,Сума по ЕН за доставку,none,[dc1-ap01.cdp.dev.nix.npu.np.work].[client_parcels_detail_365d].Сума по ЕН за доставку,yes,
4. Фінанси та Вантаж,Вартість та Оплата,Сума за пакування,Логістика,ew_packaging_price,NUMBER,client_parcels_detail,Сума за Пакування,none,[dc1-ap01.cdp.dev.nix.npu.np.work].[client_parcels_detail_365d].Сума за Пакування,yes,
4. Фінанси та Вантаж,Вартість та Оплата,Тип оплати,Логістика,ew_payment_method,NUMBER,client_parcels_detail,PaymentMethod,payment_method,[dc1-ap01.cdp.dev.nix.npu.np.work].[client_parcels_detail_365d].PaymentMethod,yes,
4. Фінанси та Вантаж,Вартість та Оплата,Наявність промокоду,Логістика,ew_promocode,BOOLEAN,client_parcels_detail,Promocode,none,[dc1-ap01.cdp.dev.nix.npu.np.work].[client_parcels_detail_365d].Promocode,yes,
4. Фінанси та Вантаж,Вартість та Оплата,Наявність претензій,Логістика,has_claims,BOOLEAN,client_parcels_detail,Pretense,none,[dc1-ap01.cdp.dev.nix.npu.np.work].[client_parcels_detail_365d].Pretense,yes,
4. Фінанси та Вантаж,Грошовий переказ,Наявність переказу,Логістика,has_money_transfer,BOOLEAN,client_parcels_detail,Наявність Грошового переказу/конр,none,[dc1-ap01.cdp.dev.nix.npu.np.work].[client_parcels_detail_365d].Наявність Грошового переказу/конр,yes,
4. Фінанси та Вантаж,Грошовий переказ,Сума переказу,Логістика,money_transfer_amount,NUMBER,client_parcels_detail,Переказ/NovaPay,none,[dc1-ap01.cdp.dev.nix.npu.np.work].[client_parcels_detail_365d].Переказ/NovaPay,yes,
4. Фінанси та Вантаж,Додатково,Ознака Маркетплейсу,Логістика,marketplace,NUMBER,client_parcels_detail,MarketPlace,marketplace,[dc1-ap01.cdp.dev.nix.npu.np.work].[client_parcels_detail_365d].MarketPlace,yes,
5. Географія та Локації,Загальна географія,Тип населеного пункту відправника,Логістика,sender_settlement_type,STRING,growth_sender_catalog_warehouses,settlementtypes,settlement_type,FROM [GROWTH_CatalogWarehouses].SettlementTypes,yes,
5. Географія та Локації,Загальна географія,Тип населеного пункту отримувача,Логістика,recipient_settlement_type,STRING,growth_recipient_catalog_warehouses,settlementtypes,settlement_type,FROM [GROWTH_CatalogWarehouses].SettlementTypes,yes,
5. Географія та Локації,Загальна географія,Регіональний центр відправника,Логістика,sender_regional_center,BOOLEAN,growth_sender_catalog_warehouses,isregionalcitycentral,none,FROM [GROWTH_CatalogWarehouses].IsRegionalCityCentral,yes,
5. Географія та Локації,Загальна географія,Регіональний центр отримувача,Логістика,recipient_regional_center,BOOLEAN,growth_recipient_catalog_warehouses,isregionalcitycentral,none,FROM [GROWTH_CatalogWarehouses].IsRegionalCityCentral,yes,
5. Географія та Локації,Загальна географія,Місто обл.центр (0/1),B2C,c_is_regional_capital_city,BOOLEAN,growth_catalog_clients_c,IsRegionalCityCenterFavoritePoint,none,[v_Growth_catalog_clients_C].IsRegionalCityCenterFavoritePoint,yes,
5. Географія та Локації,Загальна географія,Місто обл.центр (0/1),B2B,b_is_regional_capital_city,BOOLEAN,growth_catalog_clients_b,IsRegionalCityCenterFavoritePoint,none,[v_Growth_catalog_clients_B].IsRegionalCityCenterFavoritePoint,yes,
5. Географія та Локації,Улюблена точка (Fav),Улюблена точка обслуговування (назва/номер),B2C,c_favorite_service_point_name_or_number,STRING,growth_catalog_clients_c,NameFavoritePoint,not possible w/o id,[v_Growth_catalog_clients_C].NameFavoritePoint,yes,
5. Географія та Локації,Улюблена точка (Fav),Улюблена точка обслуговування (назва/номер),B2B,b_favorite_service_point_name_or_number,STRING,growth_catalog_clients_b,NameFavoritePoint,not possible w/o id,[v_Growth_catalog_clients_B].NameFavoritePoint,yes,
5. Географія та Локації,Улюблена точка (Fav),Тип улюбленої точки контакту,B2C,c_favorite_contact_point_type,STRING,growth_catalog_clients_c,TypeFavoritePoint,enum_type_point,[v_Growth_catalog_clients_C].TypeFavoritePoint,yes,
5. Географія та Локації,Улюблена точка (Fav),Тип улюбленої точки контакту,B2B,b_favorite_contact_point_type,STRING,growth_catalog_clients_b,TypeFavoritePoint,enum_type_point,[v_Growth_catalog_clients_B].TypeFavoritePoint,yes,
5. Географія та Локації,Улюблена точка (Fav),Назва міста по улюбленій точці,B2C,c_favorite_point_city_name,STRING,growth_catalog_clients_c,GeoCityNameFavoritePoint,city_text,[v_Growth_catalog_clients_C].GeoCityNameFavoritePoint,yes,
5. Географія та Локації,Улюблена точка (Fav),Назва міста по улюбленій точці,B2B,b_favorite_point_city_name,STRING,growth_catalog_clients_b,GeoCityNameFavoritePoint,city_text,[v_Growth_catalog_clients_B].GeoCityNameFavoritePoint,yes,
5. Географія та Локації,Улюблена точка (Fav),Назва регіону по улюбленій точці,B2C,c_favorite_point_region_name,STRING,growth_catalog_clients_c,GeoAreaNameFavoritePoint,area_text,[[v_Growth_catalog_clients_C].GeoAreaNameFavoritePoint,yes,
5. Географія та Локації,Улюблена точка (Fav),Назва регіону по улюбленій точці,B2B,b_favorite_point_region_name,STRING,growth_catalog_clients_b,GeoAreaNameFavoritePoint,area_text,[v_Growth_catalog_clients_B].GeoAreaNameFavoritePoint,yes,
5. Географія та Локації,Остання точка,Місто останньої точки обслуговування,B2C,c_last_service_point_city,STRING,growth_catalog_clients_c,GeoCityNameLastPoint_EN,city_text,[v_Growth_catalog_clients_C].GeoAreaNameLastPoint_EN,yes,
5. Географія та Локації,Остання точка,Місто останньої точки обслуговування,B2B,b_last_service_point_city,STRING,growth_catalog_clients_b,GeoCityNameLastPoint_EN,city_text,[v_Growth_catalog_clients_B].GeoAreaNameLastPoint_EN,yes,
5. Географія та Локації,Остання точка,Остання точка обслуговування (назва),B2C,c_last_service_point_name,STRING,growth_catalog_clients_c,NameLastPoint_EN,not possible w/o id,[v_Growth_catalog_clients_C].NameLastPoint_EN,yes,
5. Географія та Локації,Остання точка,Остання точка обслуговування (назва),B2B,b_last_service_point_name,STRING,growth_catalog_clients_b,NameLastPoint_EN,not possible w/o id,[v_Growth_catalog_clients_B].NameLastPoint_EN,yes,
5. Географія та Локації,Остання точка,Тип останньої точки контакту,B2C,c_last_contact_point_type,STRING,growth_catalog_clients_c,TypeLastPoint_EN,enum_type_point,[v_Growth_catalog_clients_C].TypeLastPoint_EN,yes,
5. Географія та Локації,Остання точка,Тип останньої точки контакту,B2B,b_last_contact_point_type,STRING,growth_catalog_clients_b,TypeLastPoint_EN,enum_type_point,[v_Growth_catalog_clients_B].TypeLastPoint_EN,yes,
5. Географія та Локації,Остання точка,Назва міста по останній точці контакту,B2C,c_last_contact_point_city_name,STRING,growth_catalog_clients_c,GeoCityNameLastPoint_EN,,[v_Growth_catalog_clients_C].GeoCityNameLastPoint_EN,no,дубль
5. Географія та Локації,Остання точка,Назва міста по останній точці контакту,B2B,b_last_contact_point_city_name,STRING,growth_catalog_clients_b,GeoCityNameLastPoint_EN,,[v_Growth_catalog_clients_B].GeoCityNameLastPoint_EN,no,дубль
5. Географія та Локації,Остання точка,Назва регіону по останній точці контакту,B2C,c_last_contact_point_region_name,STRING,growth_catalog_clients_c,GeoAreaNameLastPoint_EN,area_text,[v_Growth_catalog_clients_C].GeoAreaNameLastPoint_EN,yes,
5. Географія та Локації,Остання точка,Назва регіону по останній точці контакту,B2B,b_last_contact_point_region_name,STRING,growth_catalog_clients_b,GeoAreaNameLastPoint_EN,area_text,[v_Growth_catalog_clients_B].GeoAreaNameLastPoint_EN,yes,
5. Географія та Локації,Основні локації,Місто основного відділення,Логістика,primary_branch_city,STRING,document_gc_nova_main,param_78,city_text,[dc1-ap01.cdp.dev.nix.npu.np.work].[document_gc_nova_main] where param_id = 78,yes,
5. Географія та Локації,Основні локації,Назва основного відділення,Логістика,primary_branch_name,STRING,document_gc_nova_main,param_77,not possible w/o id,[dc1-ap01.cdp.dev.nix.npu.np.work].[document_gc_nova_main] where param_id = 77,yes,
5. Географія та Локації,Основні локації,Місто основного поштомату,Логістика,primary_parcel_locker_city,STRING,document_gc_nova_main,param_82,city_text,[dc1-ap01.cdp.dev.nix.npu.np.work].[document_gc_nova_main] where param_id = 82,yes,
5. Географія та Локації,Основні локації,Назва основного поштомату,Логістика,primary_parcel_locker_name,STRING,document_gc_nova_main,param_81,not possible w/o id,[dc1-ap01.cdp.dev.nix.npu.np.work].[document_gc_nova_main] where param_id = 81,yes,
5. Географія та Локації,Резервні локації,Місто резервного відділення,Логістика,backup_branch_city,STRING,document_gc_nova_main,param_80,city_text,[dc1-ap01.cdp.dev.nix.npu.np.work].[document_gc_nova_main] where param_id = 80,yes,
5. Географія та Локації,Резервні локації,Назва резервного відділення,Логістика,backup_branch_name,STRING,document_gc_nova_main,param_79,not possible w/o id,[dc1-ap01.cdp.dev.nix.npu.np.work].[document_gc_nova_main] where param_id = 79,yes,
5. Географія та Локації,Резервні локації,Місто резервного поштомату,Логістика,backup_parcel_locker_city,STRING,document_gc_nova_main,param_84,city_text,[dc1-ap01.cdp.dev.nix.npu.np.work].[document_gc_nova_main] where param_id = 84,yes,
5. Географія та Локації,Резервні локації,Назва резервного поштомату,Логістика,backup_parcel_locker_name,STRING,document_gc_nova_main,param_83,not possible w/o id,[dc1-ap01.cdp.dev.nix.npu.np.work].[document_gc_nova_main] where param_id = 83,yes,
6. Активність за Каналами,Транзакції (дати),Дата першої транзакції,Логістика,first_transaction_date,DATETIME,document_gc_nova_main,param_15,none,[dc1-ap01.cdp.dev.nix.npu.np.work].[document_gc_nova_main] where param_id = 15,yes,
6. Активність за Каналами,Транзакції (дати),Дата останньої транзакції,Логістика,last_transaction_date,DATETIME,document_gc_nova_main,param_16,none,[dc1-ap01.cdp.dev.nix.npu.np.work].[document_gc_nova_main] where param_id = 16,yes,
6. Активність за Каналами,Транзакції (дати),Днів без відправки/отримання,B2C,c_days_without_sending_or_receiving,NUMBER,growth_catalog_clients_c,Count_Day_without_EN,none,[v_Growth_catalog_clients_C].Count_Day_without_EN,yes,
6. Активність за Каналами,Транзакції (дати),Днів без відправки/отримання,B2B,b_days_without_sending_or_receiving,NUMBER,growth_catalog_clients_b,Count_Day_without_EN,none,[v_Growth_catalog_clients_B].Count_Day_without_EN,yes,
6. Активність за Каналами,Транзакції (дати),К-сть ЕН (загальна),B2C,c_ew_count_total,NUMBER,growth_catalog_clients_c,Count_EN,none,[v_Growth_catalog_clients_C].Count_EN,yes,
6. Активність за Каналами,Транзакції (дати),К-сть ЕН (загальна),B2B,b_ew_count_total,NUMBER,growth_catalog_clients_b,Count_EN,none,[v_Growth_catalog_clients_B].Count_EN,yes,
6. Активність за Каналами,Відділення та Поштомати,Дата першої ЕН відділення,Логістика,first_branch_ew_date,DATETIME,growth_catalog_clients_c,FirstDate_EN_branch,none,[v_Growth_catalog_clients_C].FirstDate_EN_branch,yes,
6. Активність за Каналами,Відділення та Поштомати,Дата останньої ЕН відділення,Логістика,last_branch_ew_date,DATETIME,growth_catalog_clients_c,LastDate_EN_branch,none,[v_Growth_catalog_clients_C].LastDate_EN_branch,yes,
6. Активність за Каналами,Відділення та Поштомати,Дата першої ЕН поштомат,Логістика,first_parcel_locker_ew_date,DATETIME,growth_catalog_clients_c,FirstDate_EN_psh,none,[v_Growth_catalog_clients_C].FirstDate_EN_psh,yes,
6. Активність за Каналами,Відділення та Поштомати,Дата останньої ЕН поштомат,Логістика,last_parcel_locker_ew_date,DATETIME,growth_catalog_clients_c,LastDate_EN_psh,none,[v_Growth_catalog_clients_C].LastDate_EN_psh,yes,
6. Активність за Каналами,Відділення та Поштомати,Дата першої ЕН АО,Логістика,first_ao_ew_date,DATETIME,growth_catalog_clients_c,FirstDate_EN_AO,none,[v_Growth_catalog_clients_C].FirstDate_EN_AO,yes,
6. Активність за Каналами,Відділення та Поштомати,Дата останньої ЕН АО,Логістика,last_ao_ew_date,DATETIME,growth_catalog_clients_c,LastDate_EN_AO,none,[v_Growth_catalog_clients_C].LastDate_EN_AO,yes,
6. Активність за Каналами,Інші канали,Дата першої ЕН міжнародний напрямок,Не визначено,first_international_ew_date,DATETIME,,,,".разрахункове, будемо додавати в [v_Growth_catalog_clients_C]",next iteration,
6. Активність за Каналами,Інші канали,Дата останньої ЕН міжнародний напрямок,Не визначено,last_international_ew_date,DATETIME,,,,".разрахункове, будемо додавати в [v_Growth_catalog_clients_C]",next iteration,
6. Активність за Каналами,Інші канали,Дата першої ЕН Цифровий помічник,Не визначено,first_digital_assistant_ew_date,DATETIME,,,,".разрахункове, будемо додавати в [v_Growth_catalog_clients_C]",next iteration,
6. Активність за Каналами,Інші канали,Дата останньої ЕН Цифровий помічник,Не визначено,last_digital_assistant_ew_date,DATETIME,,,,".разрахункове, будемо додавати в [v_Growth_catalog_clients_C]",next iteration,
6. Активність за Каналами,Специфіка B2B,Фулфілмент,B2B,is_fulfillment,BOOLEAN,growth_catalog_clients_b,Fulfillment,none,[v_Growth_catalog_clients_B].Fulfillment,yes,
6. Активність за Каналами,Специфіка B2B,Дата першої відправленої ЕН,B2B,first_sent_ew_date,DATETIME,growth_catalog_clients_b,FirstDate_EN_send,none,[v_Growth_catalog_clients_B].FirstDate_EN_send,yes,
6. Активність за Каналами,Специфіка B2B,Дата останньої відправленої ЕН,B2B,last_sent_ew_date,DATETIME,growth_catalog_clients_b,LastDate_EN_send,none,[v_Growth_catalog_clients_B].LastDate_EN_send,yes,
6. Активність за Каналами,Специфіка B2B,Дата першої отриманої ЕН,B2B,first_received_ew_date,DATETIME,growth_catalog_clients_b,FirstDate_EN_recipient,none,[v_Growth_catalog_clients_B].FirstDate_EN_recipient,yes,
6. Активність за Каналами,Специфіка B2B,Дата останньої отриманої ЕН,B2B,last_received_ew_date,DATETIME,growth_catalog_clients_b,LastDate_EN_recipient,none,[v_Growth_catalog_clients_B].LastDate_EN_recipient,yes,
7. Додаток та Пристрої,Статус додатка,Користувач мобільного додатка (Так/Ні),Не визначено,is_mobile_app_user,BOOLEAN,,,,Не надо,no needed,
7. Додаток та Пристрої,Статус додатка,Наявність додатка (загальна),Логістика,has_mobile_app,BOOLEAN,growth_catalog_clients_c,IsApp,none,[v_Growth_catalog_clients_C].IsApp,yes,
7. Додаток та Пристрої,Статус додатка,Наявність додатка (загальна),B2C,has_mobile_app,BOOLEAN,growth_catalog_clients_c,IsApp,none,[v_Growth_catalog_clients_C].IsApp,yes,
7. Додаток та Пристрої,Статус додатка,Наявність старого додатка,Логістика,has_old_app,BOOLEAN,growth_catalog_clients_c,IsApp_old,none,[v_Growth_catalog_clients_C].IsApp_old,yes,
7. Додаток та Пристрої,Статус додатка,Наявність старого додатка,B2C,has_old_app,BOOLEAN,growth_catalog_clients_c,IsApp_old,none,[v_Growth_catalog_clients_C].IsApp_old,yes,
7. Додаток та Пристрої,Статус додатка,Наявність нового додатка,Логістика,has_new_app,BOOLEAN,growth_catalog_clients_c,IsApp_new,none,[v_Growth_catalog_clients_C].IsApp_new,yes,
7. Додаток та Пристрої,Статус додатка,Наявність нового додатка,B2C,has_new_app,BOOLEAN,growth_catalog_clients_c,IsApp_new,none,[v_Growth_catalog_clients_C].IsApp_new,yes,
7. Додаток та Пристрої,Технічні дані,Модель телефону,B2C,phone_model,STRING,growth_catalog_clients_c,mobile_model_name,model_name,[v_Growth_catalog_clients_C].mobile_model_name,yes,
7. Додаток та Пристрої,Технічні дані,Девайс старого додатка,Не визначено,old_app_device,STRING,document_gc_nova_main,param_45,brand_name,,yes,
7. Додаток та Пристрої,Технічні дані,ОС девайсу старого додатка,Не визначено,old_app_device_os,STRING,document_gc_nova_main,param_54,operating_system,,yes,
7. Додаток та Пристрої,Технічні дані,Девайс нового додатка,Не визначено,new_app_device,STRING,document_gc_nova_main,param_48,brand_name,,yes,
7. Додаток та Пристрої,Технічні дані,ОС девайсу нового додатка,Не визначено,new_app_device_os,STRING,document_gc_nova_main,param_44,operating_system,,yes,
7. Додаток та Пристрої,Технічні дані,Мова Девайса старого додатку,,old_app_device_language,STRING,document_gc_nova_main,param_55,device_language,,yes,
7. Додаток та Пристрої,Технічні дані,Мова старого застосунку,,old_app_language,STRING,document_gc_nova_main,param_109,app_language,,yes,
7. Додаток та Пристрої,Технічні дані,Мова Девайса нового додатку,,new_app_device_language,STRING,document_gc_nova_main,param_49,device_language,,yes,
7. Додаток та Пристрої,Технічні дані,Мова нового застосунку,,new_app_language,STRING,document_gc_nova_main,param_110,app_language,,yes,
7. Додаток та Пристрої,Активність в МД,Дата останнього входу в старий дод.,Логістика,old_app_last_login_date,DATETIME,growth_catalog_clients_c,LastDay_App_old,none,[v_Growth_catalog_clients_C].LastDay_App_old,yes,
7. Додаток та Пристрої,Активність в МД,Дата останнього входу в новий дод.,Логістика,new_app_last_login_date,DATETIME,growth_catalog_clients_c,LastDay_App_new,none,[v_Growth_catalog_clients_C].LastDay_App_new,yes,
7. Додаток та Пристрої,Активність в МД,Дата першої активності в МД,Логістика,first_mobile_app_activity_date,DATETIME,growth_catalog_clients_c,Data_InstallApp,none,[v_Growth_catalog_clients_C].Data_InstallApp,yes,
7. Додаток та Пристрої,Активність в МД,Дата останньої активності в МД,Логістика,last_mobile_app_activity_date,DATETIME,growth_catalog_clients_c,LastDay_App,none,[v_Growth_catalog_clients_C].LastDay_App,yes,
8. Сфери та Мерчанти,Сфера діяльності,Сфера діяльності (категорія),Логістика,activity_category,STRING,growth_clients_activity_v,Group_activity,business_area_crm,[Growth_clients_activity_v].Group_activity,yes,
8. Сфери та Мерчанти,Сфера діяльності,Дата першої ЕН по сфері,Логістика,first_activity_category_ew_date,DATETIME,growth_clients_activity_v,DateFirst_EN_activity,none,[Growth_clients_activity_v].DateFirst_EN_activity,yes,
8. Сфери та Мерчанти,Сфера діяльності,Дата останньої ЕН по сфері,Логістика,last_activity_category_ew_date,DATETIME,growth_clients_activity_v,DateLast_EN_activity,none,[Growth_clients_activity_v].DateLast_EN_activity,yes,
8. Сфери та Мерчанти,Сфера діяльності,К-сть ЕН по сфері,Логістика,activity_category_ew_count,NUMBER,growth_clients_activity_v,Count_EN_activity,none,[Growth_clients_activity_v].Сount_EN_activity,yes,
8. Сфери та Мерчанти,Сфера діяльності,Ймовірність наступної покупки в сфері _old,Логістика,next_purchase_probability_in_category_old,NUMBER,growth_clients_activity_v,repeat_purchase_rate,none,[Growth_clients_activity_v].[repeat_purchase_rate],yes,
8. Сфери та Мерчанти,Сфера діяльності,Ймовірність наступної покупки в сфері_new,Логістика,next_purchase_probability_in_category_new,NUMBER,growth_clients_activity_v,probability,none,[Growth_clients_activity_v].probability,yes,
8. Сфери та Мерчанти,Дані Мерчанта,Код контрагента,Логістика,counterparty_code,STRING,growth_clients_merchant_v,Code_Counterparties,none,[Growth_clients_merchant_v].Code_Counterparties,yes,
8. Сфери та Мерчанти,Дані Мерчанта,ЄДРПОУ контрагента,Логістика,counterparty_edrpou,STRING,catalog_counterparties,EDRPOU,none,[dimCatalogCounterparties].EDRPOU,yes,
8. Сфери та Мерчанти,Дані Мерчанта,Назва контрагента,Логістика,counterparty_name,STRING,growth_clients_merchant_v,Description_Counterparties,counterparpaty,[Growth_clients_merchant_v].Description_Counterparties,yes,
8. Сфери та Мерчанти,Дані Мерчанта,Веб-сайт контрагента,Логістика,counterparty_website,STRING,growth_clients_merchant_v,MainWebSite,website,[Growth_clients_merchant_v].MainWebSite,yes,
8. Сфери та Мерчанти,Дані Мерчанта,Дата першої ЕН по контрагенту,Логістика,first_counterparty_ew_date,DATETIME,growth_clients_merchant_v,DateFirst_EN_merchant,none,[Growth_clients_merchant_v].DateFirst_EN_merchant,yes,
8. Сфери та Мерчанти,Дані Мерчанта,Дата останньої ЕН по контрагенту,Логістика,last_counterparty_ew_date,DATETIME,growth_clients_merchant_v,DateLast_EN_merchant,none,[Growth_clients_merchant_v].DateLast_EN_merchant,yes,
8. Сфери та Мерчанти,Дані Мерчанта,К-сть ЕН по контрагенту,Логістика,counterparty_ew_count,NUMBER,growth_clients_merchant_v,Kolvo_EN_merchant,none,[Growth_clients_merchant_v].Kolvo_EN_merchant,yes,
9. Згоди та Комунікація,Маркетингові дозволи,Згода на комун. про відкр. відд.,Логістика,consent_branch_opening_communications,BOOLEAN,document_gc_nova_main,param_58,none,[dc1-ap01.cdp.dev.nix.npu.np.work].[document_gc_nova_main] where param_id = 58,yes,
9. Згоди та Комунікація,Маркетингові дозволи,Згода на опитування,Логістика,consent_surveys,BOOLEAN,document_gc_nova_main,param_59,none,[dc1-ap01.cdp.dev.nix.npu.np.work].[document_gc_nova_main] where param_id = 59,yes,
9. Згоди та Комунікація,Маркетингові дозволи,Згода на проморозсилки,Логістика,consent_promotional_mailings,BOOLEAN,document_gc_nova_main,param_60,none,[dc1-ap01.cdp.dev.nix.npu.np.work].[document_gc_nova_main] where param_id = 61,yes,
9. Згоди та Комунікація,Маркетингові дозволи,Згода на пропозиції,Логістика,consent_offers,BOOLEAN,document_gc_nova_main,param_61,none,[dc1-ap01.cdp.dev.nix.npu.np.work].[document_gc_nova_main] where param_id = 60,yes,
9. Згоди та Комунікація,Історія комунікацій,Дата останнього промо повідомлення,Логістика,last_promo_message_date,DATETIME,growth_catalog_clients_c,Data_last_promo_message,none,[v_Growth_catalog_clients_C].Data_last_promo_message,yes,